{"posicion":{"x":198.35372924804688,"y":49.94850158691406,"z":-169.06239318847657},"vidas":2,"nivelNumero":2}