{"posicion":{"x":122.74302673339844,"y":0.4994640350341797,"z":60.053627014160159},"vidas":2,"nivelNumero":4}