{"posicion":{"x":-299.63092041015627,"y":30.818828582763673,"z":-1008.0999755859375},"vidas":5,"nivelNumero":3}